|Latin Name|Greek name|English Name
|ANSERIFORMES||
|Anatidae||
1|Cygnus olor                       |(Βουβός) Κύκνος                 |Mute Swan
2|Cygnus columbianus                |Νανόκυκνος                  |Tundra Swan
3|Cygnus cygnus                     |Αγριόκυκνος                 |Whooper Swan
4|Anser fabalis                     |Χωραφόχηνα                  |Bean Goose
5|Anser albifrons                   |Ασπρομέτωπη Χήνα            |Greater White-fronted Goose
6|Anser erythropus                  |Νανόχηνα                    |Lesser White-fronted Goose
7|Anser anser                       |Σταχτόχηνα                  |Greylag Goose
8|Anser caerulescens|Λευκόχηνα|Snow Goose
9|Branta bernicla                   |Δαχτυλιδόχηνα               |Brent Goose
10|Branta ruficollis                 |Κοκκινόχηνα                 |Red-breasted Goose
11|Tadorna ferruginea                |Καστανόπαπια                |Ruddy Shelduck
12|Tadorna tadorna                   |Βαρβάρα                  |Common Shelduck
13|Anas penelope                     |(Ευρωπαϊκό) Σφυριχτάρι                  |Eurasian Wigeon
14|Anas strepera                     |Καπακλής                    |Gadwall
15|Anas crecca                       |(Ευρωπαϊκό) Κιρκίρι                     |Common Teal
16|Anas platyrhynchos                |Πρασινοκέφαλη Πάπια         |Mallard
17|Anas acuta                        |Ψαλίδα (του Βορά)                 |Northern Pintail
18|Anas querquedula                  |(Ευρωπαϊκή) Σαρσέλα                     |Garganey
19|Anas discors                      |Αμερικάνικη Σαρσέλα         |Blue-winged Teal
20|Anas clypeata                     |(Ευρασιατική) Χουλιαρόπαπια               |Northern Shoveler
21|Marmaronetta angustirostris       |Στικτόπαπια                 |Marbled Duck
22|Netta rufina                      |(Ευρασιατικό) Φερεντίνι                   |Red-crested Pochard
23|Aythya ferina                     |Γκισάρι                     |Common Pochard
24|Aythya nyroca                     |(Ευρωπαϊκη) Βαλτόπαπια                  |Ferruginous Duck
25|Aythya fuligula                   |Μαυροκέφαλη Πάπια           |Tufted Duck
26|Aythya marila                     |Σταχτόπαπια                 |Greater Scaup
27|Somateria mollissima              |(Κοινή) Πουπουλόπαπια               |Common Eider
28|Clangula hyemalis                 |Χιονόπαπια                  |Long-tailed Duck
29|Melanitta nigra                   |(Ευρωπαϊκή) Μαυρόπαπια                  |Common Scoter
30|Melanitta fusca                   |Βελουδόπαπια                |Velvet Scoter
31|Bucephala clangula                |(Ευρωπαϊκή) Βουκεφάλα              |Common Goldeneye
32|Mergus albellus                |Νανοπρίστης                 |Smew
33|Mergus serrator                   |Θαλασσοπρίστης               |Red-breasted Merganser
34|Mergus merganser                  |Χηνοπρίστης                 |Goosander
35|Oxyura leucocephala               |(Ευρωπαϊκό) Κεφαλούδι                   |White-headed Duck
|GALLIFORMES||
|Tetraonidae||
36|Bonasa bonasia                    |Δασόκοτα                  |Hazel Grouse
37|Tetrao tetrix                     |Λυροπετεινός               |Black Grouse
38|Tetrao urogallus                  |Αγριόκουρκος                |Western Capercaillie
|Phasianidae||
39|Alectoris chukar                  |Νησιώτικη Πέρδικα                |Chukar 
40|Alectoris graeca                  |Πετροπέρδικα               |Rock Partridge
41|Alectoris rufa                    |Κοκκινοπέρδικα             |Red-legged Partridge
42|Francolinus francolinus           |(Μαύρος) Φρανκολίνος                |Black Francolin
43|Perdix perdix                     |Καμπίσια Πέρδικα           |Grey Partridge
44|Coturnix coturnix                 |(Κοινό) Ορτύκι                      |Common Quail
45|Phasianus colchicus               |(Κοινός) Φασιανός                    |Common Pheasant
|GAVIIFORMES||
|Gaviidae||
46|Gavia stellata                   |Κηλιδοβούτι                |Red-throated Diver
47|Gavia arctica                     |Λαμπροβούτι                 |Black-throated Diver
48|Gavia immer                       |Παγοβούτι                  |Great Northern Diver
|PODICIPEDIFORMES||
|Podicipedidae||
49|Τachybaptus ruficollis            |(Κοκκινόλαιμο) Νανοβουτηχτάρι              |Little Grebe
50|Podiceps cristatus                |Σκουφοβουτηχτάρι          |Great Crested Grebe
51|Podiceps grisegena                |Κοκκινοβουτηχτάρι           |Red-necked Grebe
52|Podiceps auritus                  |Χειμωνοβουτηχτάρι           |Horned Grebe
53|Podiceps nigricollis              |Μαυροβουτηχτάρι            |Black-necked Grebe
|PROCELLARIIFORMES||
|Procellariidae||
54|Calonectris diomedea              |Αρτέμης                     |Cory's Shearwater
55|Puffinus gravis|Καπελόμυχος|Great Shearwater
56|Puffinus mauretanicus|Μύχος των Βαλεαρίδων|Balearic Shearwater
57|Puffinus yelkouan                 |Μύχος (της Μεσογείου)                     |Yelkouan Shearwater
|Hydrobatidae||
58|Hydrobates pelagicus                       |Υδροβάτης|European Storm-Petrel
|PELECANIFORMES||
|Sulidae||
59|Morus bassanus                    |Σούλα (του Βορά)                       |Northern Gannet
|Phalacrocoracidae||
60|Phalacrocorax carbo               |(Ευρωπαϊκός) Κορμοράνος                 |Great Cormorant
61|Phalacrocorax aristotelis         |(Ευρωπαϊκός) Θαλασσοκόρακας             |European Shag
62|Phalacrocorax pygmeus             |Λαγγόνα                   |Pygmy Cormorant
|Pelecanidae||
63|Pelecanus onocrotalus             |Ροδοπελεκάνος             |Great White Pelican
64|Pelecanus crispus                 |Αργυροπελεκάνος             |Dalmatian Pelican
|CICONIIFORMES||
|Ardeidae||
65|Botaurus stellaris                |(Ευρασιατικός) Ήταυρος                    |Great Bittern
66|Ixobrychus minutus                |(Ευρωπαϊκός) Μικροτσικνιάς              |Little Bittern
67|Nycticorax nycticorax             |(Κοινός) Νυχτοκόρακας              |Black-crowned Night Heron
68|Ardeola ralloides                 |(Ξανθός) Κρυπτοτσικνιάς              |Squacco Heron
69|Bubulcus ibis                     |Γελαδάρης                  |Cattle Egret
70|Egretta gularis                   |Θαλασσοτσικνιάς              |Western Reef Egret
71|Egretta garzetta                  |(Κοινός) Λευκοτσικνιάς               |Little Egret
72|Ardea alba                      |Αργυροτσικνιάς            |Great Egret
73|Ardea cinerea                     |Σταχτοτσικνιάς              |Grey Heron
74|Ardea purpurea                    |Πορφυροτσικνιάς             |Purple Heron
|Ciconiidae||
75|Ciconia nigra                     |Μαύρος Πελαργός               |Black Stork
76|Ciconia ciconia                   |Λευκός Πελαργός               |White Stork
|Threskiornithidae||
77|Plegadis falcinellus              |(Ευρασιατική) Χαλκόκοτα                   |Glossy Ibis
78|Platalea leucorodia               |(Ευρασιατική) Χουλιαρομύτα               |Eurasian Spoonbill
|PHOENICOPTERIFORMES||
|Phoenicopteridae||
79|Phoenicopterus roseus              |(Ευρωπαϊκό) Φοινικόπτερο                |Greater Flamingo
|ACCIPITRIFORMES||
|Accipitridae||
80|Pernis apivorus                   |(Ευρωπαϊκός) Σφηκιάρης                   |European Honey Buzzard
81|Elanus caeruleus                  |Έλανος                      |Black-shouldered Kite
82|Milvus migrans                    |Τσίφτης                     |Black Kite
83|Milvus milvus                     |Ψαλιδιάρης                  |Red Kite
84|Haliaeetus albicilla              |(Ευρωπαϊκός) Θαλασσαετός                 |White-tailed Eagle
85|Gypaetus barbatus                 |Γυπαετός                    |Lammergeier
86|Neophron percnopterus             |Ασπροπάρης                  |Egyptian Vulture
87|Gyps fulvus                       |Όρνιο                       |Eurasian Griffon Vulture
88|Aegypius monachus                 |Μαυρόγυπας                  |Eurasian Black Vulture
89|Circaetus gallicus                            |Φιδαετός                    |Short-toed Eagle
90|Circus aeruginosus                |Καλαμόκιρκος               |Western Marsh Harrier
91|Circus cyaneus                    |Χειμωνόκιρκος                 |Hen Harrier
92|Circus macrourus                  |Στεπόκιρκος                 |Pallid Harrier
93|Circus pygargus                   |Λιβαδόκιρκος                |Montagu's Harrier
94|Accipiter gentilis                |Διπλοσάϊνο                 |Northern Goshawk
95|Accipiter nisus                   |(Κοινό) Ξεφτέρι                     |Eurasian Sparrowhawk
96|Accipiter brevipes                |(Κοινό) Σαΐνι |Levant Sparrowhawk
97|Buteo buteo                       |(Κοινή) Γερακίνα                    |Common Buzzard
98|Buteo rufinus                     |Αετογερακίνα                |Long-legged Buzzard
99|Buteo lagopus                     |Χιονογερακίνα               |Rough-legged Buzzard
100|Aquila pomarina                   |Κραυγαετός                  |Lesser Spotted Eagle
101|Aquila clanga                     |Στικταετός                  |Greater Spotted Eagle
102|Aquila nipalensis                 |Στεπαετός                   |Steppe Eagle
103|Aquila heliaca                    |(Ανατολικός) Βασιλαετός                  |Imperial Eagle
104|Aquila chrysaetos                           |Χρυσαετός                   |Golden Eagle
105|Hieraaetus pennatus               |Γερακαετός                  |Booted Eagle
106|Hieraaetus fasciatus              |Σπιζαετός                   |Bonelli's Eagle
|Pandionidae||
107|Pandion haliaetus                 |Ψαραετός                    |Osprey
|FALCONIFORMES||
|Falconidae||
108|Falco naumanni                    |(Ευρωπαϊκό) Κιρκινέζι                   |Lesser Kestrel
109|Falco tinnunculus                 |Βραχοκιρκίνεζο              |Common Kestrel
110|Falco vespertinus                 |(Ευρωπαϊκό) Μαυροκιρκίνεζο              |Red-footed Falcon
111|Falco columbarius                 |Νανογέρακο                  |Merlin
112|Falco subbuteo                    |Δεντρογέρακο                |Eurasian Hobby
113|Falco eleonorae                   |Μαυροπετρίτης               |Eleonora's Falcon
114|Falco biarmicus                   |Χρυσογέρακο                 |Lanner 
115|Falco cherrug                     |Στεπογέρακο                 |Saker 
116|Falco peregrinus                  |Πετρίτης             |Peregrine 
117|Falco pelegrinoides               |Ερημοπετρίτης              |Barbary Falcon
|GRUIFORMES||
|Rallidae||
118|Rallus aquaticus                  |(Ευρωπαϊκή) Νεροκοτσέλα                |Water Rail
119|Porzana porzana                   |Στικτοπουλάδα             |Spotted Crake
120|Porzana parva                     |Μικροπουλάδα                |Little Crake
121|Porzana pusilla                   |Νανοπουλάδα               |Baillon's Crake
122|Crex crex                         |Ορτυκομάνα                  |Corn Crake
123|Gallinula chloropus               |(Κοινή) Νερόκοτα                   |Common Moorhen
124|Porphyrio alleni|Αφρικανική Νερόκοτα        |Allen's Gallinule
125|Porphyrio porphyrio               |Σουλτανοπουλάδα             |Purple Swamp-Hen
126|Fulica atra                       |(Κοινή) Φαλαρίδα                   |Eurasian Coot
|Gruidae||
127|Grus grus                         |(Ευρωπαϊκός) Γερανός                     |Common Crane
128|Grus virgo                |Νυφογερανός                 |Demoiselle Crane
|Otididae||
129|Tetrax tetrax                     |Χαμωτίδα                  |Little Bustard
130|Chlamydotis undulata              |Χλαμυδωτίδα               |Houbara Bustard
131|Otis tarda                        |Μεγάλη Ωτίδα                 |Great Bustard
|CHARADRIIFORMES||
|Haematopodidae||
132|Haematopus ostralegus             |(Ευρωπαϊκός) Στρειδοφάγος               |Eurasian Oystercatcher
|Recurvirostridae||
133|Himantopus himantopus             |Καλαμοκανάς                 |Black-winged Stilt
134|Recurvirostra avosetta            |(Ευρωπαϊκή) Αβοκέτα                     |Pied Avocet
|Burhinidae||
135|Burhinus oedicnemus               |(Ευρωπαϊκή) Πετροτουρλίδα               |Stone-Curlew
|Glareolidae||
136|Cursorius cursor                  |Αμμοδρόμος                 |Cream-coloured Courser
137|Glareola pratincola               |(Κοινό) Νεροχελίδονο                |Collared Pratincole
138|Glareola nordmanni                |Μαυρόφτερο Νεροχελίδονο    |Black-winged Pratincole
|Charadriidae||
139|Charadrius dubius                 |Ποταμοσφυριχτής            |Little Ringed Plover
140|Charadrius hiaticula              |Αμμοσφυριχτής              |Common Ringed Plover
141|Charadrius pecuarius|Μικροσφυριχτής|Kittlitz's Plover
142|Charadrius alexandrinus           |Θαλασσοσφυριχτής           |Kentish Plover
143|Charadrius leschenaultii          |(Μεγάλος) Ερημοσφυριχτής             |Greater Sand Plover
144|Charadrius asiaticus              |Στεποσφυριχτής            |Caspian Plover
145|Charadrius morinellus             |Βουνοσφυριχτής              |Eurasian Dotterel
146|Pluvialis fulva                   |Βροχοπούλι του Ειρηνικού   |Pacific Golden Plover
147|Pluvialis apricaria                      |(Ευρωπαϊκό) Βροχοπούλι                  |European Golden Plover
148|Pluvialis squatarola              |Αργυροπούλι                |Grey Plover
149|Hoplopterus spinosus                 |Αγκαθοκαλημάνα             |Spur-winged Lapwing
150|Vanellus gregarius                |Αγελοκαλημάνα               |Sociable Lapwing
151|Vanellus leucurus                                |Λεύκουρη Καλημάνα                  |White-tailed Lapwing
152|Vanellus vanellus                 |(Ευρωπαϊκή) Καλημάνα                    |Northern Lapwing
|Scolopacidae||
153|Calidris canutus                  |Κοκκινοσκαλίδρα              |Red Knot
154|Calidris alba                     |Λευκοσκαλίδρα               |Sanderling
155|Calidris minuta                   |(Κοινή) Νανοσκαλίδρα              |Little Stint
156|Calidris temminckii               |Σταχτιά Νανοσκαλίδρα             |Temminck's Stint
157|Calidris subminuta                |Σιβηρική Νανοσκαλίδρα     |Long-toed Stint
158|Calidris fuscicollis|Λευκόπυγη Σκαλίδρα         |White-rumped Sandpiper
159|Calidris bairdii                  |Λιβαδοσκαλίδρα         |Baird's Sandpiper
160|Calidris melanotos|Θωρακωτή Σκαλίδρα              |Pectoral Sandpiper
161|Calidris ferruginea               |Δρεπανοσκαλίδρα             |Curlew Sandpiper
162|Calidris maritima                 |Βραχοσκαλίδρα               |Purple Sandpiper
163|Calidris alpina                   |Λασποσκαλίδρα              |Dunlin
164|Limicola falcinellus              |Ραβδοσκαλίδρα         |Broad-billed Sandpiper
165|Philomachus pugnax                |Μαχητής               |Ruff
166|Lymnocryptes minimus              |Κουφομπεκάτσινο             |Jack Snipe
167|Gallinago gallinago               |(Κοινό) Μπεκατσίνι                 |Common Snipe
168|Gallinago media                   |Διπλομπεκάτσινο             |Great Snipe
169|Limnodromus scolopaceus           |Μεγάλος Λιμνόδρομος                 |Long-billed Dowitcher
170|Scolopax rusticola                |(Ευρασιατική) Μπεκάτσα                   |Eurasian Woodcock
171|Limosa limosa                     |(Ευρωπαϊκή) Λιμόζα                  |Black-tailed Godwit
172|Limosa lapponica                  |Θαλασσολιμόζα                  |Bar-tailed Godwit
173|Numenius phaeopus                 |Σιγλίγουρος                |Whimbrel
174|Numenius tenuirostris             |Λεπτομύτα                  |Slender-billed Curlew
175|Numenius arquata                  |(Ευρασιατική) Τουρλίδα                   |Eurasian Curlew
176|Bartramia longicauda|Μπαρτράμια                  |Upland Sandpiper
177|Tringa erythropus                 |Μαυρότρυγγας                |Spotted Redshank
178|Tringa totanus                    |Κοκκινοσκέλης              |Common Redshank
179|Tringa stagnatilis                |Βαλτότρυγγας                |Marsh Sandpiper
180|Tringa nebularia                  |Πρασινοσκέλης               |Common Greenshank
181|Tringa flavipes                   |Μικρός Κιτρινοσκέλης              |Lesser Yellowlegs
182|Tringa ochropus                   |Δασότρυγγας                 |Green Sandpiper
183|Tringa glareola                   |Λασπότρυγγας                |Wood Sandpiper
184|Xenus cinereus                    |Ρωσότρυγγας                 |Terek Sandpiper
185|Actitis hypoleucos                |Ακτίτης               |Common Sandpiper
186|Actitis macularius                 |Κηλιδωτός Ακτίτης  |Spotted Sandpiper
187|Arenaria interpres                |Χαλικοκυλιστής             |Ruddy Turnstone
188|Pharalopus tricolor|Τρίχρωμος Φαλαρόποδας|Wilson's Phalarope
189|Phalaropus lobatus                |Ερυθρόλαιμος Φαλαρόποδας              |Red-necked Phalarope
190|Phalaropus fulicarius             |Κόκκινος Φαλαρόποδας      |Red Phalarope
|Stercorariidae||
191|Stercorarius pomarinus            |Γαλαζόραμφος Ληστόγλαρος                |Pomarine Skua
192|Stercorarius parasiticus          |Γερακοληστόγλαρος                |Arctic Skua
193|Stercorarius longicaudus|Βελονοληστόγλαρος                    |Long-tailed Skua
194|Stercorarius skua                 |Αετοληστόγλαρος            |Great Skua
|Laridae||
195|Larus leucophthalmus              |Λευκόφθαλμος Γλάρος         |White-eyed Gull
196|Larus ichthyaetus                 |Αετόγλαρος                  |Pallas's Gull
197|Larus melanocephalus              |Μαυροκέφαλος Γλάρος         |Mediterranean Gull
198|Larus atricilla                   |Αζτεκόγλαρος                |Laughing Gull
199|Larus minutus                     |Νανόγλαρος                 |Little Gull
200|Larus ridibundus                  |Καστανοκέφαλος Γλάρος       |Black-headed Gull
201|Larus genei                       |Λεπτόραμφος Γλάρος          |Slender-billed Gull
202|Larus audouinii                   |Αιγαιόγλαρος                |Audouin's Gull
203|Larus canus                       |Θυελλόγλαρος                |Mew Gull
204|Larus fuscus                      |Μελανόγλαρος                |Lesser Black-backed Gull
205|Larus argentatus                  |Ασημόγλαρος του Βορά                |Herring Gull
206|Larus michahellis|Ασημόγλαρος της Μεσογείου   |Yellow-legged Gull
207|Larus cachinnans                  |Ασημόγλαρος της Κασπίας   |Caspian Gull
208|Larus armenicus|Ασημόγλαρος της Αρμενίας           |Armenian Gull
209|Larus glaucoides                  |Παγόγλαρος          |Iceland Gull
210|Larus marinus                     |Γιγαντόγλαρος               |Greater Black-backed Gull
211|Rissa tridactyla                  |Τριδάκτυλος Γλάρος         |Black-legged Kittiwake
|Sternidae||
212|Sterna nilotica                   |Γελογλάρονο                |Gull-billed Tern
213|Sterna caspia                     |Καρατζάς                    |Caspian Tern
214|Sterna bengalensis                |Πορτοκαλόραμφο Γλαρόνι               |Lesser Crested Tern
215|Sterna sandvicensis               |Χειμωνογλάρονο              |Sandwich Tern
216|Sterna hirundo                    |Ποταμογλάρονο               |Common Tern
217|Sterna paradisaea                 |Χιονογλάρονο                |Arctic Tern
218|Sterna anaethetus                 |Σταχτογλάρονο               |Bridled Tern
219|Sterna albifrons                  |(Ευρωπαϊκό) Νανογλάρονο                 |Little Tern
220|Chlidonias hybrida             |Μουστακογλάρονο            |Whiskered Tern
221|Chlidonias niger                  |Μαυρογλάρονο               |Black Tern
222|Chlidonias leucopterus            |Αργυρογλάρονο               |White-winged Tern
|PTEROCLIDIFORMES||
|Pteroclidae||
223|Pterocles orientalis|Μαυροπεριστερόκοτα         |Black-bellied Sandgrouse
224|Pterocles alchata                 |Βελονόουρη Περιστερόκοτα               |Pin-tailed Sandgrouse
225|Syrrhaptes paradoxus              |Περιστερόκοτα της Στέπας    |Pallas's Sandgrouse
|COLUMBIFORMES||
|Columbidae||
226|Columba livia                     |Αγριοπερίστερο              |Rock Pigeon
227|Columba oenas                     |Φασσοπερίστερο              |Stock Pigeon
228|Columba palumbus                  |(Κοινή) Φάσσα                       |Common Woodpigeon
229|Streptopelia decaocto             |(Ευρασιατική) Δεκαοχτούρα                 |Eurasian Collared Dove
230|Streptopelia turtur               |(Ευρωπαϊκό) Τρυγόνι                     |European Turtle Dove
231|Streptopelia orientalis           |Ελατοτρύγονο|Oriental Turtle Dove
232|Streptopelia senegalensis         |Φοινικοτρύγονο            |Laughing Dove
|PSITTACIFORMES||
|Psittacidae||
233|Psittacula krameri |Πράσινος Παπαγάλος|Rose-ringed Parakeet
|CUCULIFORMES||
|Cuculidae||
234|Clamator glandarius               |Κισσόκουκος                 |Great Spotted Cuckoo
235|Cuculus canorus                   |(Ευρωπαϊκός) Κούκος                     |Common Cuckoo
|STRIGIFORMES||
|Tytonidae||
236|Tyto alba                         |Τυτώ                |Barn Owl
|Strigidae||
237|Otus scops                        |(Ευρωπαϊκός) Γκιώνης                     |European Scops Owl
238|Bubo bubo                         |(Κοινός) Μπούφος                     |Eurasian Eagle Owl
239|Glaucidium passerinum             |Σπουργιτόγλαυκα             |Eurasian Pygmy Owl
240|Athene noctua                     |(Ευρωπαϊκή) Κουκουβάγια                 |Little Owl
241|Strix aluco                       |(Κοινός) Χουχουριστής                |Tawny Owl
242|Asio otus                         |Νανόμπουφος                 |Long-eared Owl
243|Asio flammeus                     |Βαλτόμπουφος               |Short-eared Owl
244|Aegolius funereus                 |Αιγωλιός                |Tengmalm's Owl
|CAPRIMULGIFORMES||
|Caprimulgidae||
245|Caprimulgus europaeus             |(Ευρωπαϊκό) Γιδοβύζι                   |European Nightjar
|APODIFORMES||
|Apodidae||
246|Apus melba                        |Βουνοσταχτάρα               |Alpine Swift
247|Apus apus                         |(Κοινή) Σταχτάρα               |Common Swift
248|Apus pallidus                     |Ωχροσταχτάρα                |Pallid Swift
249|Apus affinis                      |Μικροσταχτάρα                |Little Swift
|CORACIIFORMES||
|Alcedinidae||
250|Halcyon smyrnensis                |Σμυρναλκυόνη               |White-throated Kingfisher
251|Alcedo atthis                     |(Ευρωπαϊκή) Αλκυόνη                    |Common Kingfisher
252|Ceryle rudis                      |Κήρυλος                     |Pied Kingfisher
|Meropidae||
253|Merops orientalis|Νανομελισσοφάγος|Green Bee-eater
254|Merops persicus              |Πράσινος Μελισσοφάγος            |Blue-cheeked Bee-eater
255|Merops apiaster                   |(Ευρωπαϊκός) Μελισσοφάγος               |European Bee-eater
|Coraciidae||
256|Coracias garrulus                 |(Ευρωπαϊκή) Χαλκοκουρούνα             |European Roller
|Upupidae||
257|Upupa epops                       |Τσαλαπετεινός               |Eurasian Hoopoe
|PICIFORMES||
|Picidae||
258|Jynx torquilla                    |Στραβολαίμης                |Eurasian Wryneck
259|Picus canus                       |Σταχτής Δρυοκολάπτης           |Grey-headed Woodpecker
260|Picus viridis                     |Πράσινος Δρυοκολάπτης                |European Green Woodpecker
261|Dryocopus martius                 |Μαύρος Δρυοκολάπτης             |Black Woodpecker
262|Dendrocopos major                 |Πευκοδρυοκολάπτης          |Great Spotted Woodpecker
263|Dendrocopos syriacus              |Βαλκανικός Δρυοκολάπτης           |Syrian Woodpecker
264|Dendrocopos medius                |Μεσαίος Δρυοκολάπτης              |Middle Spotted Woodpecker
265|Dendrocopos leucotos              |Λευκονώτης Δρυοκολάπτης              |White-backed Woodpecker
266|Dendrocopos minor                 |Νανοδρυοκολάπτης              |Lesser Spotted Woodpecker
267|Picoides tridactylus              |Τριδάχτυλος Δρυοκολάπτης    |Three-toed Woodpecker
|PASSERIFORMES||
|Alaudidae||
268|Chersophilus duponti              |Χερσόφιλος                  |Dupont's Lark
269|Melanocorypha calandra            |(Κοινή) Γαλιάντρα                   |Calandra Lark
270|Melanocorypha bimaculata          |Στεπογαλιάντρα             |Bimaculated Lark
271|Melanocorypha leucoptera          |Λευκόφτερη Γαλιάντρα        |White-winged Lark
272|Melanocorypha yeltoniensis        |Μαυρογαλιάντρα             |Black Lark
273|Calandrella brachydactyla         |(Ευρωπαϊκή) Μικρογαλιάντρα              |Greater Short-toed Lark
274|Calandrella rufescens|Μικρογαλιάντρα της Ερήμου               |Lesser Short-toed Lark
275|Galerida cristata                 |Κατσουλιέρης               |Crested Lark
276|Lullula arborea                   |Δεντροσταρήθρα              |Wood Lark
277|Alauda arvensis                   |(Κοινή) Σιταρήθρα                   |Eurasian Sky Lark
278|Eremophila alpestris              |Χιονάδα                     |Horned Lark
|Hirundinidae||
279|Riparia riparia                   |Οχθοχελίδονο               |Sand Martin
280|Ptyonoprogne rupestris            |(Ευρωπαϊκό) Βραχοχελίδονο               |Eurasian Crag Martin
281|Hirundo rustica                   |Σταυλοχελίδονο              |Barn Swallow
282|Hirundo daurica                   |Μιλτοχελίδονο              |Red-rumped Swallow
283|Delichon urbicum                   |Λευκοχελίδονο               |Common House Martin
|Motacillidae||
284|Anthus richardi                   |Διπλοκελάδα             |Richard's Pipit
285|Anthus campestris                 |Ωχροκελάδα                 |Tawny Pipit
286|Anthus trivialis                  |Δεντροκελάδα              |Tree Pipit
287|Anthus pratensis                  |Λιβαδοκελάδα               |Meadow Pipit
288|Anthus cervinus                   |Κοκκινοκελάδα              |Red-throated Pipit
289|Anthus spinoletta                 |(Ευρωπαϊκή) Νεροκελάδα                 |Water Pipit
290|Anthus petrosus|Θαλασσοκελάδα                  |Rock Pipit
291|Motacilla flava                   |Κιτρινοσουσουράδα           |Yellow Wagtail
292|Motacilla citreola                |Κιτροσουσουράδα             |Citine Wagtail
293|Motacilla cinerea                 |Σταχτοσουσουράδα            |Grey Wagtail
294|Motacilla alba                    |Λευκοσουσουράδα            |White Wagtail
|Bombycillidae||
295|Bombycilla garrulus               |(Ευρωπαϊκή) Βομβυκίλα                  |Bohemian Waxwing
|Cinclidae||
296|Cinclus cinclus                   |(Ευρωπαϊκός) Νεροκότσυφας                |White-throated Dipper
|Troglodytidae||
297|Troglodytes troglodytes           |(Ευρωπαϊκός) Τρυποφράχτης               |Winter Wren
|Prunellidae||
298|Prunella modularis                |(Κοινός) Θαμνοψάλτης                 |Dunnock
299|Prunella collaris                 |Χιονοψάλτης                 |Alpine Accentor
|Turdidae||
300|Cercotrichas galactotes           |Κουφαηδόνι                  |Rufous-tailed Scrub Robin
301|Erithacus rubecula                |Κοκκινολαίμης               |European Robin
302|Luscinia luscinia                 |Τσιχλαηδόνι                 |Thrush Nightingale
303|Luscinia megarhynchos             |(Κοινό) Αηδόνι                      |Common Nightingale
304|Luscinia svecica                  |Γαλαζολαίμης                |Bluethroat
305|Irania gutturalis                 |Λευκόλαιμο Αηδόνι                 |White-throated Robin
306|Phoenicurus ochruros              |Καρβουνιάρης                |Black Redstart
307|Phoenicurus phoenicurus           |(Κοινός) Φοινίκουρος                 |Common Redstart
308|Phoenicurus moussieri             |Φοινίκουρος του Άτλαντα    |Moussier's Redstart
309|Saxicola rubetra                  |Καστανολαίμης               |Whinchat
310|Saxicola torquatus                 |(Ευρωπαϊκός) Μαυρολαίμης                |Common Stonechat
311|Oenanthe isabellina               |Αμμοπετρόκλης               |Isabelline Wheatear
312|Oenanthe oenanthe                 |Σταχτοπετρόκλης             |Northern Wheatear
313|Oenanthe pleschanka               |Παρδαλοπετρόκλης           |Pied Wheatear
314|Oenanthe hispanica                |Ασπροκωλίνα                   |Black-eared Wheatear
315|Oenanthe deserti                  |Ερημοπετρόκλης              |Desert Wheatear
316|Oenanthe finschii                 |Βουνοπετρόκλης        |Finsch's Wheatear
317|Oenanthe leucopyga                |Λευκόπυγος Πετρόκλης |White-crowned Wheatear
318|Oenanthe leucura                  |Μαυροπετρόκλης              |Black Wheatear
319|Monticola saxatilis               |Πυροκότσυφας               |Rufous-tailed Rock Thrush
320|Monticola solitarius              |Γαλαζοκότσυφας             |Blue Rock Thrush
321|Zoothera dauma                    |Χρυσότσιχλα                |White's Thrush
322|Turdus torquatus                  |Χιονοκότσυφας                 |Ring Ouzel
323|Turdus merula                     |(Κοινός) Κότσυφας                   |Common Blackbird
324|Turdus ruficollis                 |Σκουρόλαιμη Τσίχλα           |Dark-throated Thrush
325|Turdus pilaris                    |Κεδρότσιχλα                |Fieldfare
326|Turdus philomelos                 |(Κοινή) Τσίχλα               |Song Thrush
327|Turdus iliacus                    |Κοκκινότσιχλα               |Redwing
328|Turdus viscivorus                 |Γερακότσιχλα                   |Mistle Thrush
|Sylviidae||
329|Cettia cetti                      |(Ευρωπαϊκό) Ψευταηδόνι                  |Cetti's Warbler
330|Cisticola juncidis                |(Ευρωπαϊκή) Κιστικόλη            |Zitting Cisticola
331|Locustella naevia                 |Θαμνοτριλιστής              |Common Grasshopper Warbler
332|Locustella fluviatilis            |Ποταμοτριλιστής             |River Warbler
333|Locustella luscinioides           |Καλαμοτριλιστής             |Savi's Warbler
334|Acrocephalus melanopogon          |Ψαθοποταμίδα            |Moustached Warbler
335|Acrocephalus paludicola           |Νεροποταμίδα                |Aquatic Warbler
336|Acrocephalus schoenobaenus        |Σχοινοποταμίδα              |Sedge Warbler
337|Acrocephalus scirpaceus           |Καλαμοποταμίδα             |European Reed Warbler
338|Acrocephalus palustris            |Βαλτοποταμίδα               |Marsh Warbler
339|Acrocephalus agricola             |Λευκόφρυδη Ποταμίδα             |Paddyfield Warbler
340|Acrocephalus arundinaceus         |Τσιχλοποταμίδα              |Great Reed Warbler
341|Hippolais pallida                 |Ωχροστριτσίδα               |Eastern Olivaceous Warbler
342|Hippolais caligata                |Θαμνοστριτσίδα              |Booted Warbler
343|Hippolais olivetorum              |Λιοστριτσίδα               |Olive-tree Warbler
344|Hippolais icterina                |Κιτρινοστριτσίδα           |Icterine Warbler
345|Hippolais polyglotta              |Ορφεοστριτσίδα              |Melodious Warbler
346|Sylvia atricapilla                |Μαυροσκούφης               |Blackcap
347|Sylvia borin                      |Κηποτσιροβάκος              |Garden Warbler
348|Sylvia nisoria                    |Γερακοτσιροβάκος             |Barred Warbler
349|Sylvia curruca                    |Βουνοτσιροβάκος              |Lesser Whitethroat
350|Sylvia crassirostris                  |Μελωδοτσιροβάκος            |Eastern Orphean Warbler
351|Sylvia communis                   |Θαμνοτσιροβάκος            |Common Whitethroat
352|Sylvia conspicillata              |Καστανοτσιροβάκος           |Spectacled Warbler
353|Sylvia undata                     |Ρεικοτσιροβάκος         |Dartford Warbler
354|Sylvia sarda                      |Μολυβοτσιροβάκος             |Marmora's Warbler
355|Sylvia cantillans                 |Κοκκινοτσιροβάκος           |Subalpine Warbler
356|Sylvia melanocephala              |Μαυροτσιροβάκος            |Sardinian Warbler
357|Sylvia rueppelli                  |Αιγαιοτσιροβάκος         |Rüppell's Warbler
358|Phylloscopus trochiloides|Πρασινοφυλλοσκόπος         |Greenish Warbler
359|Phylloscopus borealis             |Χιονοφυλλοσκόπος            |Arctic Warbler
360|Phylloscopus inornatus            |Κιτρινόφρυδος Φυλλοσκόπος          |Yellow-browed Warbler
361|Phylloscopus fuscatus             |Σκουροφυλλοσκόπος         |Dusky Warbler
362|Phylloscopus orientalis              |Βουνοφυλλοσκόπος            |Balkan Warbler
363|Phylloscopus sibilatrix           |Δασοφυλλοσκόπος            |Wood Warbler
364|Phylloscopus collybita            |Δεντροφυλλοσκόπος           |Common Chiffchaff
365|Phylloscopus trochilus            |Θαμνοφυλλοσκόπος           |Willow Warbler
366|Regulus regulus                   |Χρυσοβασιλίσκος             |Goldcrest
367|Regulus ignicapilla         |Πυροβασιλίσκος             |Firecrest
|Muscicapidae||
368|Muscicapa dauurica                |Καστανομυγοχάφτης          |Asian Brown Flycatcher
369|Muscicapa striata                 |Σταχτομυγοχάφτης            |Spotted Flycatcher
370|Ficedula parva                    |Νανομυγοχάφτης             |Red-breasted Flycatcher
371|Ficedula semitorquata             |Δρυομυγοχάφτης              |Semi-collared Flycatcher
372|Ficedula albicollis               |Κρικομυγοχάφτης           |Collared Flycatcher
373|Ficedula hypoleuca                |Μαυρομυγοχάφτης             |Pied Flycatcher
|Timaliidae||
374|Panurus biarmicus                 |Μουστακαλής                 |Bearded Tit
|Aegithalidae||
375|Aegithalos caudatus               |Αιγίθαλος                  |Long-tailed Tit
|Paridae||
376|Parus palustris                   |Καστανοπαπαδίτσα            |Marsh Tit
377|Parus lugubris                    |Κλειδωνάς                   |Sombre Tit
378|Parus montanus                    |Βουνοπαπαδίτσα            |Willow Tit
379|Parus cristatus                   |Λοφιοπαπαδίτσα             |Crested Tit
380|Parus ater                        |Ελατοπαπαδίτσα             |Coal Tit
381|Parus caeruleus                   |Γαλαζοπαπαδίτσα             |Blue Tit
382|Parus major                       |Καλόγερος                   |Great Tit
|Sittidae||
383|Sitta krueperi                    |Τουρκοτσοπανάκος           |Krüper's Nuthatch
384|Sitta europaea                    |Δεντροτσοπανάκος          |Eurasian Nuthatch
385|Sitta neumayer                    |(Δυτικός) Βραχοτσοπανάκος            |Western Rock Nuthatch
|Tichodromadidae||
386|Tichodroma muraria                |Τοιχοδρόμος                  |Wallcreeper
|Certhiidae||
387|Certhia familiaris                |Βουνοδεντροβάτης          |Eurasian Treecreeper
388|Certhia brachydactyla             |Καμποδεντροβάτης            |Short-toed Treecreeper
|Remizidae||
389|Remiz pendulinus                  |Υφάντρα            |Eurasian Penduline Tit
|Oriolidae||
390|Oriolus oriolus                   |(Ευρωπαϊκός) Συκοφάγος                   |Eurasian Golden Oriole
|Laniidae||
391|Lanius isabellinus                |Ξανθοκεφαλάς  |Isabelline Shrike
392|Lanius collurio                   |Αετομάχος                  |Red-backed Shrike
393|Lanius minor                      |Σταχτοκεφαλάς             |Lesser Grey Shrike
394|Lanius excubitor                  |Διπλοκεφαλάς               |Great Grey Shrike
395|Lanius meridionalis|Διπλοκεφαλάς της Μεσογείου|Southern Grey Shrike
396|Lanius senator                    |Κοκκινοκεφαλάς             |Woodchat Shrike
397|Lanius nubicus                    |Παρδαλοκεφαλάς              |Masked Shrike
|Corvidae||
398|Garrulus glandarius               |(Ευρωπαϊκή) Κίσσα                       |Eurasian Jay
399|Pica pica                         |(Κοινή) Καρακάξα                    |Common Magpie
400|Nucifraga caryocatactes           |Καρυοθραύστης              |Spotted Nutcracker
401|Pyrrhocorax graculus              |Κιτρινοκαλιακούδα           |Alpine Chough
402|Pyrrhocorax pyrrhocorax           |Κοκκινοκαλιακούδα          |Red-billed Chough
403|Corvus monedula                   |(Ευρωπαϊκή) Κάργια                       |Western Jackdaw
404|Corvus frugilegus                 |Χαβαρόνι                   |Rook
405|Corvus corone                     |(Σταχτιά) Κουρούνα              |Hooded Crow
406|Corvus corax                      |(Κοινός) Κόρακας                     |Common Raven
|Sturnidae||
407|Sturnus vulgaris                  |(Ευρωπαϊκό) Ψαρόνι                      |Common Starling
408|Sturnus unicolor                  |Μαυροψάρονο                |Spotless Starling
409|Sturnus roseus                    |Αγιοπούλι                   |Rosy Starling
|Passeridae||
410|Passer domesticus                 |Σπιτοσπουργίτης            |House Sparrow
411|Passer hispaniolensis             |Χωραφοσπουργίτης           |Spanish Sparrow
412|Passer moabiticus                 |Μεσανατολικός Σπουργίτης   |Dead Sea Sparrow
413|Passer montanus                   |Δεντροσπουργίτης            |Eurasian Tree Sparrow
414|Petronia petronia                 |Πετροσπουργίτης             |Rock Sparrow
415|Montifringilla nivalis            |(Κοινός) Χιονόστρουθος               |White-winged Snowfinch
|Fringillidae||
416|Fringilla coelebs                 |(Κοινός) Σπίνος                      |Common Chaffinch
417|Fringilla montifringilla          |Χειμωνόσπινος               |Brambling
418|Serinus pusillus                  |Μαύρο Καναρίνι             |Red-fronted Serin
419|Serinus serinus                   |Σκαρθάκι                    |European Serin
420|Carduelis chloris                 |(Ευρωπαϊκός) Φλώρος                      |European Greenfinch
421|Carduelis carduelis               |(Κοινή) Καρδερίνα                   |European Goldfinch
422|Carduelis spinus                  |(Κοινό) Λούγαρο                    |European Siskin
423|Carduelis cannabina               |(Κοινό) Φανέτο                      |Common Linnet
424|Loxia curvirostra                 |(Κοινός) Σταυρομύτης                 |Common Crossbill
425|Bucanetes githagineus             |Ερημοπύρρουλας              |Trumpeter Finch
426|Carpodacus erythrinus             |(Κοινή) Ροδόσπιζα                  |Common Rosefinch
427|Pyrrhula pyrrhula                 |(Κοινός) Πύρρουλας                   |Eurasian Bullfinch
428|Coccothraustes coccothraustes     |(Ευρωπαϊκός) Κοκκοθραύστης                 |Hawfinch
|Emberizidae||
429|Plectrophenax nivalis|Χιονοτσίχλονο                  |Snow Bunting
430|Emberiza leucocephalos            |Ελατοτσίχλονο              |Pine Bunting
431|Emberiza citrinella               |Χρυσοτσίχλονο               |Yellowhammer
432|Emberiza cirlus                   |Σιρλοτσίχλονο              |Cirl Bunting
433|Emberiza cia                      |Βουνοτσίχλονο               |Rock Bunting
434|Emberiza cineracea                |Σμυρνοτσίχλονο              |Cinereous Bunting
435|Emberiza hortulana                |Βλαχοτσίχλονο                      |Ortolan Bunting
436|Emberiza caesia                   |Φρυγανοτσίχλονο                |Cretzschmar's Bunting
437|Emberiza rustica                  |Βαλτοτσίχλονο                |Rustic Bunting
438|Emberiza pusilla                  |Νανοτσίχλονο               |Little Bunting
439|Emberiza aureola                  |Σημυδοτσίχλονο          |Yellow-breasted Bunting
440|Emberiza schoeniclus              |(Μεγάλο) Καλαμοτσίχλονο           |Common Reed Bunting
441|Emberiza melanocephala            |Αμπελουργός                |Black-headed Bunting
442|Emberiza calandra                 |Τσιφτάς              |Corn Bunting
443|Aquila fasciata|Σπιζαετός|Bonelli's Eagle
444|Coloeus monedula|(Ευρωπαϊκή) Κάργια |Eurasian Jackdaw
445|Phalacrocorax pygmaeus|Λαγγόνα |Pygmy Cormorant
446|Pastor roseus|Αγιοπούλι |Rosy Starling
447|Fulica cristata|Φαλαρίδα|Red-knobbed Coot
448|Tetrastes bonasia| Δασόκοτα |Hazel Grouse
449|Ichthyaetus audouinii|Αιγαιόγλαρος |Audouin's Gull
450|Tachybaptus ruficollis|(Κοκκινόλαιμο) Νανοβουτηχτάρι |Little Grebe
451|Anthropoides virgo|Νυφογερανός                 |Demoiselle Crane
452|Mergellus albellus|Νανοπρίστης|Smew
453|Cecropis daurica|Μιλτοχελίδονο |Red-rumped Swallow
454|Tachymarptis melba|Βουνοσταχτάρα               |Alpine Swift
455|Apus unicolor|(Κοινή) Σταχτάρα |Plain Swift
456|Cyanistes caeruleus|Γαλαζοπαπαδίτσα |Blue Tit
457|Poecile montanus|Βουνοπαπαδίτσα            |Willow Tit
458|Lophophanes cristatus|Λοφιοπαπαδίτσα             |Crested Tit
459|Poecile lugubris|Κλειδωνάς                   |Sombre Tit
460|Periparus ater|Ελατοπαπαδίτσα             |Coal Tit
461|Poecile palustris|Καστανοπαπαδίτσα            |Marsh Tit
462|Ichthyaetus melanocephalus|Μαυροκέφαλος Γλάρος |Mediterranean Gull
463|Hydrocoloeus minutus|Νανόγλαρος |Little Gull
464|Chroicocephalus ridibundus|Καστανοκέφαλος Γλάρος |Black-headed Gull
465|Hydroprogne caspia|Καρατζάς                    |Caspian Tern
466|Thalasseus sandvicensis|Χειμωνογλάρονο              |Sandwich Tern
467|Gelochelidon nilotica|Γελογλάρονο|Gull-billed Tern
468|Sternula albifrons|(Ευρωπαϊκό) Νανογλάρονο|Little Tern
469|Lyrurus tetrix|Λυροπετεινός               |Black Grouse
470|Chloris chloris|(Ευρωπαϊκός) Φλώρος |European Greenfinch
